variant,shape,iterations,ns,p50,p95,p99,queries,bytes,wait,allocated,allocs,sha256
A1,leaves-100,200,2785822,2690730,3745645,4250252,105,21548,0,1300982,13146,3621b42e4452c7bd55658585d8ffbe4988327f5b36e6b22aad5be443dac687c9
A1,leaves-100,200,2863283,2724275,3911804,4868540,105,21548,0,1301660,13146,3621b42e4452c7bd55658585d8ffbe4988327f5b36e6b22aad5be443dac687c9
A1,leaves-100,200,2930255,2813074,3949279,5186191,105,21548,0,1302622,13146,3621b42e4452c7bd55658585d8ffbe4988327f5b36e6b22aad5be443dac687c9
A1,leaves-100,200,2913116,2794348,3724493,4590772,105,21548,0,1298353,13144,3621b42e4452c7bd55658585d8ffbe4988327f5b36e6b22aad5be443dac687c9
A1,leaves-100,200,2936469,2795657,3901117,5407071,105,21548,0,1295376,13144,3621b42e4452c7bd55658585d8ffbe4988327f5b36e6b22aad5be443dac687c9
A1,leaves-1000,200,3459739,3311657,4404546,6023008,105,21660,0,1463450,17910,4d3603f345bd845f51cdcff3fb2cf5061d69b2f1cd87aff740118a15930d91a1
A1,leaves-1000,200,3503730,3295616,4707192,6200122,105,21660,0,1458800,17909,4d3603f345bd845f51cdcff3fb2cf5061d69b2f1cd87aff740118a15930d91a1
A1,leaves-1000,200,3518456,3346899,4500770,5939372,105,21660,0,1461398,17910,4d3603f345bd845f51cdcff3fb2cf5061d69b2f1cd87aff740118a15930d91a1
A1,leaves-1000,200,3617946,3424122,4831389,6301249,105,21660,0,1460945,17909,4d3603f345bd845f51cdcff3fb2cf5061d69b2f1cd87aff740118a15930d91a1
A1,leaves-1000,200,3452043,3285104,4287367,5686740,105,21660,0,1458763,17909,4d3603f345bd845f51cdcff3fb2cf5061d69b2f1cd87aff740118a15930d91a1
A1,leaves-10000,200,9787461,9408797,12272617,13377449,105,21763,0,3299081,62983,3481e1d7277899ea129733598c39b761406df8713dfb28cc5219bd0c1dc78614
A1,leaves-10000,200,9939723,9490539,12989644,14562928,105,21763,0,3300762,62983,3481e1d7277899ea129733598c39b761406df8713dfb28cc5219bd0c1dc78614
A1,leaves-10000,200,9776244,9416641,11958226,14758014,105,21763,0,3298483,62983,3481e1d7277899ea129733598c39b761406df8713dfb28cc5219bd0c1dc78614
A1,leaves-10000,200,9877151,9559295,11958313,13875783,105,21763,0,3303653,62984,3481e1d7277899ea129733598c39b761406df8713dfb28cc5219bd0c1dc78614
A1,leaves-10000,200,9838116,9490385,12317751,13717225,105,21763,0,3294991,62981,3481e1d7277899ea129733598c39b761406df8713dfb28cc5219bd0c1dc78614
A1,wide-200,200,5518265,5276449,7374275,9115646,205,42243,0,2724307,26105,ef25478de1fa47405d20eeb300eb4a4b2204c734e0b7705208a58d71c3a5fc92
A1,wide-200,200,5672694,5448690,7221839,9117770,205,42243,0,2699965,26101,ef25478de1fa47405d20eeb300eb4a4b2204c734e0b7705208a58d71c3a5fc92
A1,wide-200,200,5598188,5391736,6967484,8387937,205,42243,0,2712627,26102,ef25478de1fa47405d20eeb300eb4a4b2204c734e0b7705208a58d71c3a5fc92
A1,wide-200,200,5783877,5566851,7654618,8675785,205,42243,0,2722259,26105,ef25478de1fa47405d20eeb300eb4a4b2204c734e0b7705208a58d71c3a5fc92
A1,wide-200,200,5709763,5540084,7034687,8435448,205,42243,0,2710516,26103,ef25478de1fa47405d20eeb300eb4a4b2204c734e0b7705208a58d71c3a5fc92
B,leaves-100,200,775862,644883,1335113,1643432,5,21548,0,298822,4913,3621b42e4452c7bd55658585d8ffbe4988327f5b36e6b22aad5be443dac687c9
B,leaves-100,200,754803,639564,1324560,1649590,5,21548,0,299238,4913,3621b42e4452c7bd55658585d8ffbe4988327f5b36e6b22aad5be443dac687c9
B,leaves-100,200,752510,631572,1318616,1649896,5,21548,0,299680,4914,3621b42e4452c7bd55658585d8ffbe4988327f5b36e6b22aad5be443dac687c9
B,leaves-100,200,764708,641672,1265384,1733796,5,21548,0,298792,4913,3621b42e4452c7bd55658585d8ffbe4988327f5b36e6b22aad5be443dac687c9
B,leaves-100,200,768880,655154,1230878,1624297,5,21548,0,298852,4914,3621b42e4452c7bd55658585d8ffbe4988327f5b36e6b22aad5be443dac687c9
B,leaves-1000,200,1385156,1262853,2132650,2397677,5,21660,0,456557,9475,4d3603f345bd845f51cdcff3fb2cf5061d69b2f1cd87aff740118a15930d91a1
B,leaves-1000,200,1382796,1219423,2129396,2567228,5,21660,0,453589,9474,4d3603f345bd845f51cdcff3fb2cf5061d69b2f1cd87aff740118a15930d91a1
B,leaves-1000,200,1452475,1249763,2321289,2771387,5,21660,0,455659,9474,4d3603f345bd845f51cdcff3fb2cf5061d69b2f1cd87aff740118a15930d91a1
B,leaves-1000,200,1445378,1280968,2202403,2904868,5,21660,0,452674,9473,4d3603f345bd845f51cdcff3fb2cf5061d69b2f1cd87aff740118a15930d91a1
B,leaves-1000,200,1412528,1266357,2149063,2538632,5,21660,0,453552,9473,4d3603f345bd845f51cdcff3fb2cf5061d69b2f1cd87aff740118a15930d91a1
B,leaves-10000,200,7713752,7370437,9946142,11455130,5,21763,0,2329600,54567,3481e1d7277899ea129733598c39b761406df8713dfb28cc5219bd0c1dc78614
B,leaves-10000,200,7827632,7587759,9846417,10579499,5,21763,0,2327475,54568,3481e1d7277899ea129733598c39b761406df8713dfb28cc5219bd0c1dc78614
B,leaves-10000,200,8056650,7747224,10273412,11582980,5,21763,0,2326900,54568,3481e1d7277899ea129733598c39b761406df8713dfb28cc5219bd0c1dc78614
B,leaves-10000,200,8059574,7764725,10270376,11299304,5,21763,0,2325844,54568,3481e1d7277899ea129733598c39b761406df8713dfb28cc5219bd0c1dc78614
B,leaves-10000,200,8106372,7809165,10368427,11239562,5,21763,0,2324012,54567,3481e1d7277899ea129733598c39b761406df8713dfb28cc5219bd0c1dc78614
B,wide-200,200,1482336,1411343,2040333,2381374,6,42243,0,685271,9937,ef25478de1fa47405d20eeb300eb4a4b2204c734e0b7705208a58d71c3a5fc92
B,wide-200,200,1488227,1404125,2189005,2484702,6,42243,0,681074,9937,ef25478de1fa47405d20eeb300eb4a4b2204c734e0b7705208a58d71c3a5fc92
B,wide-200,200,1489293,1431830,2074989,2596570,6,42243,0,688581,9938,ef25478de1fa47405d20eeb300eb4a4b2204c734e0b7705208a58d71c3a5fc92
B,wide-200,200,1499897,1396870,2210346,2871158,6,42243,0,681102,9937,ef25478de1fa47405d20eeb300eb4a4b2204c734e0b7705208a58d71c3a5fc92
B,wide-200,200,1529329,1444439,2275629,3006278,6,42243,0,678964,9936,ef25478de1fa47405d20eeb300eb4a4b2204c734e0b7705208a58d71c3a5fc92
A2,leaves-100,200,2878784,2743820,4091749,4527345,105,21548,0,1301490,13146,3621b42e4452c7bd55658585d8ffbe4988327f5b36e6b22aad5be443dac687c9
A2,leaves-100,200,2890785,2779036,3997411,4802680,105,21548,0,1297473,13144,3621b42e4452c7bd55658585d8ffbe4988327f5b36e6b22aad5be443dac687c9
A2,leaves-100,200,2871657,2731914,3919071,5376106,105,21548,0,1299236,13145,3621b42e4452c7bd55658585d8ffbe4988327f5b36e6b22aad5be443dac687c9
A2,leaves-100,200,2934300,2774923,4067793,5482387,105,21548,0,1302220,13146,3621b42e4452c7bd55658585d8ffbe4988327f5b36e6b22aad5be443dac687c9
A2,leaves-100,200,2927913,2822556,3861890,4670578,105,21548,0,1301414,13146,3621b42e4452c7bd55658585d8ffbe4988327f5b36e6b22aad5be443dac687c9
A2,leaves-1000,200,3517833,3366662,4499872,5312354,105,21660,0,1465102,17910,4d3603f345bd845f51cdcff3fb2cf5061d69b2f1cd87aff740118a15930d91a1
A2,leaves-1000,200,3570685,3375449,5159836,5794709,105,21660,0,1458293,17908,4d3603f345bd845f51cdcff3fb2cf5061d69b2f1cd87aff740118a15930d91a1
A2,leaves-1000,200,3664668,3365544,5607674,6246666,105,21660,0,1457947,17908,4d3603f345bd845f51cdcff3fb2cf5061d69b2f1cd87aff740118a15930d91a1
A2,leaves-1000,200,3616490,3484663,4602097,5767058,105,21660,0,1461305,17909,4d3603f345bd845f51cdcff3fb2cf5061d69b2f1cd87aff740118a15930d91a1
A2,leaves-1000,200,3623842,3451809,4782676,5807477,105,21660,0,1455700,17907,4d3603f345bd845f51cdcff3fb2cf5061d69b2f1cd87aff740118a15930d91a1
A2,leaves-10000,200,10150070,9774116,12541629,13986749,105,21763,0,3316063,62988,3481e1d7277899ea129733598c39b761406df8713dfb28cc5219bd0c1dc78614
A2,leaves-10000,200,10050786,9706821,12620370,14319734,105,21763,0,3297226,62982,3481e1d7277899ea129733598c39b761406df8713dfb28cc5219bd0c1dc78614
A2,leaves-10000,200,10268651,9900031,12481192,13234817,105,21763,0,3301340,62983,3481e1d7277899ea129733598c39b761406df8713dfb28cc5219bd0c1dc78614
A2,leaves-10000,200,10191633,9786055,12837148,14122681,105,21763,0,3299616,62983,3481e1d7277899ea129733598c39b761406df8713dfb28cc5219bd0c1dc78614
A2,leaves-10000,200,9928759,9756249,11402477,12394007,105,21763,0,3298446,62983,3481e1d7277899ea129733598c39b761406df8713dfb28cc5219bd0c1dc78614
A2,wide-200,200,5691495,5314276,7827683,8764360,205,42243,0,2708470,26103,ef25478de1fa47405d20eeb300eb4a4b2204c734e0b7705208a58d71c3a5fc92
A2,wide-200,200,5836718,5577254,7856141,8521077,205,42243,0,2714781,26102,ef25478de1fa47405d20eeb300eb4a4b2204c734e0b7705208a58d71c3a5fc92
A2,wide-200,200,5951269,5722075,7612570,8813075,205,42243,0,2717107,26104,ef25478de1fa47405d20eeb300eb4a4b2204c734e0b7705208a58d71c3a5fc92
A2,wide-200,200,5881659,5532925,8207884,9084629,205,42243,0,2718054,26104,ef25478de1fa47405d20eeb300eb4a4b2204c734e0b7705208a58d71c3a5fc92
A2,wide-200,200,5764164,5561736,7373728,8754044,205,42243,0,2720087,26104,ef25478de1fa47405d20eeb300eb4a4b2204c734e0b7705208a58d71c3a5fc92
